{
  "Sum": {
    "compiletime": {
      "Canonicalizer": 7.200000254670158e-05,
      "HloLegalizeToStablehloPass": 0.00020500000391621143,
      "IdentifyCrossPassTensors": 7.000000096013537e-06,
      "MLIRInstructionHistogram": 1.9999999494757503e-05,
      "PruneFunctions": 0.0,
      "RemoveOptimizationBarriers": 1.2000000424450263e-05,
      "StableHLOCanonicalizeConv": 0.0,
      "StableHLOCanonicalizeForTensorizer": 4.999999873689376e-06,
      "StableHLOHoistCompute": 9.999999974752427e-07,
      "StableHLOMemcastMotion": 0.0,
      "StableHLOPenguinizeFunctions": 1.4999999621068127e-05,
      "StableHLOScatterMotion": 0.0,
      "StableHLOTensorizerLegalizationPass": 2.9000000722589903e-05,
      "VerifySupportedOps": 4.999999873689376e-06,
      "algsimp": 1.9999999494757503e-05,
      "batchnorm_expander": 3.999999989900971e-06,
      "boundary-marker-removal": 9.999999974752427e-07,
      "call-inliner": 1.9999999949504854e-06,
      "canonicalize-boundary-marker": 1.9999999949504854e-06,
      "collective-stream-id-checker": 0.0,
      "comparison-expander": 9.999999974752427e-07,
      "computation-deduplicator": 9.999999974752427e-07,
      "config-lowering": 6.000000212225132e-06,
      "constant_folding": 5.999999848427251e-05,
      "cse": 1.9999999949504854e-06,
      "dce": 0.0,
      "dynamic-slice-transpose": 9.999999974752427e-07,
      "eliminate-redundant-compare": 9.999999974752427e-07,
      "emit-offloaded-dropout": 1.2999999853491317e-05,
      "flatten-call-graph": 6.000000212225132e-06,
      "fuse-send-recv": 6.000000212225132e-06,
      "hilo-conditional-to-select": 1.9999999949504854e-06,
      "hilo::ConvertCustomCallToAllReducePass": 0.0,
      "hilo::FusionToComposite": 9.999999974752427e-07,
      "hilo::NeuronInstCombine": 9.999999747378752e-06,
      "hilo::StableHLOLegalizeAlias": 1.9999999949504854e-06,
      "hilo::StableHLONeuronOpFusion": 3.000000106112566e-06,
      "hilo::StableHLOReplaceTokenTypeWithU8Pass": 9.999999974752427e-07,
      "hilo::StableHLOScheduleFusion": 2.2000000171829015e-05,
      "hilo::StableHLOSixtyFourHack": 3.000000106112566e-06,
      "hilo::StableHLOVerifyAliasing": 9.999999974752427e-07,
      "hlo-kernel-info": 4.8999998398358e-05,
      "hlo-mac-count": 2.5999999706982635e-05,
      "instruction-histogram": 9.999999747378752e-06,
      "io-con-pipe-begin": 9.999999974752427e-07,
      "io-con-pipe-end": 0.0,
      "io-layout-normalization": 1.9999999949504854e-06,
      "legalize-ccops-for-tensorizer": 9.999999974752427e-07,
      "legalize-compare": 0.0,
      "lower-argminmax-custom-call": 9.999999974752427e-07,
      "map-inline": 1.9999999949504854e-06,
      "metadata-naming": 1.9999999949504854e-06,
      "mlir::detail::OpToOpPassAdaptor": 9.999999974752427e-07,
      "mlir::hlo::StableHLOToPyPenguin": 0.0002209999947808683,
      "mlir::stablehlo::LowerComplexExtraPass": 1.1000000085914508e-05,
      "mlir::stablehlo::LowerComplexPass": 2.499999936844688e-05,
      "native-to-custom-softmax": 3.000000106112566e-06,
      "native-to-custom-softmax-dx": 3.999999989900971e-06,
      "neuron-hlo-inst-comb": 9.999999974752427e-07,
      "neuron-hlo-verifier": 0.00011100000119768083,
      "operand_upcaster": 1.9999999949504854e-06,
      "post-par-pipe-begin": 0.0,
      "post-par-pipe-end": 0.0,
      "post-partition-simplification": 0.00014400000509340316,
      "pre-hlo-begin": 0.0,
      "pre-hlo-end": 0.0,
      "replace-minimum-constant": 9.999999974752427e-07,
      "reshape-mover": 3.000000106112566e-06,
      "simplify-concat": 2.099999983329326e-05,
      "simplify-while-loops": 3.999999989900971e-06,
      "transform-variadic-reduce": 3.000000106112566e-06,
      "tuple-simplifier": 9.999999974752427e-07,
      "unpack-nested-aws-ntwsr": 0.0,
      "unroll-while-loop": 0.0
    },
    "hilo": {
      "HloMacCount": 0,
      "KernelCount": 0,
      "KernelMacCount": 0,
      "KernelTypes": 0,
      "Traffic": 33280
    }
  },
  "all": {
    "compiletime": {
      "Canonicalizer": 7.200000254670158e-05,
      "HloLegalizeToStablehloPass": 0.00020500000391621143,
      "IdentifyCrossPassTensors": 7.000000096013537e-06,
      "MLIRInstructionHistogram": 1.9999999494757503e-05,
      "PruneFunctions": 0.0,
      "RemoveOptimizationBarriers": 1.2000000424450263e-05,
      "StableHLOCanonicalizeConv": 0.0,
      "StableHLOCanonicalizeForTensorizer": 4.999999873689376e-06,
      "StableHLOHoistCompute": 9.999999974752427e-07,
      "StableHLOMemcastMotion": 0.0,
      "StableHLOPenguinizeFunctions": 1.4999999621068127e-05,
      "StableHLOScatterMotion": 0.0,
      "StableHLOTensorizerLegalizationPass": 2.9000000722589903e-05,
      "VerifySupportedOps": 4.999999873689376e-06,
      "algsimp": 1.9999999494757503e-05,
      "batchnorm_expander": 3.999999989900971e-06,
      "boundary-marker-removal": 9.999999974752427e-07,
      "call-inliner": 1.9999999949504854e-06,
      "canonicalize-boundary-marker": 1.9999999949504854e-06,
      "collective-stream-id-checker": 0.0,
      "comparison-expander": 9.999999974752427e-07,
      "computation-deduplicator": 9.999999974752427e-07,
      "config-lowering": 6.000000212225132e-06,
      "constant_folding": 5.999999848427251e-05,
      "cse": 1.9999999949504854e-06,
      "dce": 0.0,
      "dynamic-slice-transpose": 9.999999974752427e-07,
      "eliminate-redundant-compare": 9.999999974752427e-07,
      "emit-offloaded-dropout": 1.2999999853491317e-05,
      "flatten-call-graph": 6.000000212225132e-06,
      "fuse-send-recv": 6.000000212225132e-06,
      "hilo-conditional-to-select": 1.9999999949504854e-06,
      "hilo::ConvertCustomCallToAllReducePass": 0.0,
      "hilo::FusionToComposite": 9.999999974752427e-07,
      "hilo::NeuronInstCombine": 9.999999747378752e-06,
      "hilo::StableHLOLegalizeAlias": 1.9999999949504854e-06,
      "hilo::StableHLONeuronOpFusion": 3.000000106112566e-06,
      "hilo::StableHLOReplaceTokenTypeWithU8Pass": 9.999999974752427e-07,
      "hilo::StableHLOScheduleFusion": 2.2000000171829015e-05,
      "hilo::StableHLOSixtyFourHack": 3.000000106112566e-06,
      "hilo::StableHLOVerifyAliasing": 9.999999974752427e-07,
      "hlo-kernel-info": 4.8999998398358e-05,
      "hlo-mac-count": 2.5999999706982635e-05,
      "instruction-histogram": 9.999999747378752e-06,
      "io-con-pipe-begin": 9.999999974752427e-07,
      "io-con-pipe-end": 0.0,
      "io-layout-normalization": 1.9999999949504854e-06,
      "legalize-ccops-for-tensorizer": 9.999999974752427e-07,
      "legalize-compare": 0.0,
      "lower-argminmax-custom-call": 9.999999974752427e-07,
      "map-inline": 1.9999999949504854e-06,
      "metadata-naming": 1.9999999949504854e-06,
      "mlir::detail::OpToOpPassAdaptor": 9.999999974752427e-07,
      "mlir::hlo::StableHLOToPyPenguin": 0.0002209999947808683,
      "mlir::stablehlo::LowerComplexExtraPass": 1.1000000085914508e-05,
      "mlir::stablehlo::LowerComplexPass": 2.499999936844688e-05,
      "native-to-custom-softmax": 3.000000106112566e-06,
      "native-to-custom-softmax-dx": 3.999999989900971e-06,
      "neuron-hlo-inst-comb": 9.999999974752427e-07,
      "neuron-hlo-verifier": 0.00011100000119768083,
      "operand_upcaster": 1.9999999949504854e-06,
      "post-par-pipe-begin": 0.0,
      "post-par-pipe-end": 0.0,
      "post-partition-simplification": 0.00014400000509340316,
      "pre-hlo-begin": 0.0,
      "pre-hlo-end": 0.0,
      "replace-minimum-constant": 9.999999974752427e-07,
      "reshape-mover": 3.000000106112566e-06,
      "simplify-concat": 2.099999983329326e-05,
      "simplify-while-loops": 3.999999989900971e-06,
      "transform-variadic-reduce": 3.000000106112566e-06,
      "tuple-simplifier": 9.999999974752427e-07,
      "unpack-nested-aws-ntwsr": 0.0,
      "unroll-while-loop": 0.0
    }
  },
  "sg00": {
    "hilo": {
      "ArithmeticIntensity": 0.0,
      "HloMacCount": 0,
      "KernelCount": 0,
      "KernelMacCount": 0,
      "KernelTypes": 0,